"categoria","numero","indicador ","descripcion","clave","rangos","long"
"Identificación geográfica",1,"Clave de entidad federativa ","Clave que identifica a la entidad federativa. ","ENTIDAD ","00,...,32 ",2
"Identificación geográfica",2,"Entidad federativa ","Nombre oficial de la entidad federativa. ","NOM_ENT ","Alfanumérico ",50
"Identificación geográfica",3,"Clave de municipio ó delegación ","Clave que identifica al municipio al interior de una entidad federativa, conforme al Marco Geoestadístico Nacional. ","MUN ","000,...,570 ",3
"Identificación geográfica",4,"Municipio ó delegación ","Nombre oficial del municipio o delegación política en el caso del Distrito Federal. ","NOM_MUN ","Alfanumérico ",50
"Identificación geográfica",5,"Clave de localidad ","Clave que identifica a la localidad, al interior de cada municipio (o delegación política) conforme al Marco Geoestadístico Nacional. ","LOC ","0000,...,9999 ",4
"Identificación geográfica",6,"Localidad ","Nombre con el que se reconoce a la localidad dado por la ley o la costumbre. ","NOM_LOC ","Alfanumérico ",70
"Identificación geográfica",7,"Clave de AGEB ","Clave que identifica al AGEB urbana, al interior de una localidad, de acuerdo a la desagregación del Marco Geoestadístico Nacional. ","AGEB ","001,...,999,0,...,9, A ",4
"Identificación geográfica",8,"Clave de manzana ","Clave que identifica a la manzana, al interior de una AGEB, de acuerdo a la desagregación del Marco Geoestadístico Nacional. ","MZA ","001,...,.999 ",3
"Población",1,"Población total ","Total de personas que residen habitualmente en el país, entidad federativa, municipio y localidad. Incluye la estimación del número de personas en viviendas particulares sin información de ocupantes. Incluye a la población que no especificó su edad. ","POBTOT ","0,...,999999999 ",9
"Población",2,"Población masculina ","Total de hombres que residen habitualmente en el país, entidad federativa, municipio y localidad. Incluye la estimación del número de hombres en viviendas particulares sin información de ocupantes. Incluye a la población que no especificó su edad. ","POBMAS ","0,...,999999999 ",9
"Población",3,"Población femenina ","Total de mujeres que residen habitualmente en el país, entidad federativa, municipio y localidad. Incluye la estimación del número de mujeres en viviendas particulares sin información de ocupantes. Incluye a la población que no especificó su edad. ","POBFEM ","0,...,999999999 ",9
"Población",4,"Población de 0 a 2 años ","Personas de 0 a 2 años de edad. ","P_0A2 ","0,...,999999999 ",9
"Población",5,"Población masculina de 0 a 2 años ","Hombres de 0 a 2 años de edad. ","P_0A2_M ","0,...,999999999 ",9
"Población",6,"Población femenina de 0 a 2 años ","Mujeres de 0 a 2 años de edad. ","P_0A2_F ","0,...,999999999",9
"Población",7,"Población de 3 años y más ","Personas de 3 a 130 años de edad. ","P_3YMAS ","0,...,999999999 9 ",9
"Población",8,"Población masculina de 3 años y más ","Hombres de 3 a 130 años de edad. ","P_3YMAS_M ","0,...,999999999 ",9
"Población",9,"Población femenina de 3 años y más ","Mujeres de 3 a 130 años de edad. ","P_3YMAS_F ","0,...,999999999 9 ",9
"Población",10,"Población de 5 años y más ","Personas de 5 a 130 años de edad. ","P_5YMAS ","0,...,999999999 9 ",9
"Población",11,"Población masculina de 5 años y más ","Hombres de 5 a 130 años de edad. ","P_5YMAS_M ","0,...,999999999 9 ",9
"Población",12,"Población femenina de 5 años y más ","Mujeres de 5 a 130 años de edad. ","P_5YMAS_F ","0,...,999999999 9 ",9
"Población",13,"Población de 12 años y más ","Personas de 12 a 130 años de edad. ","P_12YMAS ","0,...,999999999 9 ",9
"Población",14,"Población masculina de 12 años y más ","Hombres de 12 a 130 años de edad. ","P_12YMAS_M ","0,...,999999999 9 ",9
"Población",15,"Población femenina de 12 años y más ","Mujeres de 12 a 130 años de edad. ","P_12YMAS_F ","0,...,999999999 9 ",9
"Población",16,"Población de 15 años y más ","Personas de 15 a 130 años de edad. ","P_15YMAS ","0,...,999999999 9 ",9
"Población",17,"Población masculina de 15 años y más ","Hombres de 15 a 130 años de edad. ","P_15YMAS_M ","0,...,999999999 9 ",9
"Población",18,"Población femenina de 15 años y más ","Mujeres de 15 a 130 años de edad. ","P_15YMAS_F ","0,...,999999999 9 ",9
"Población",19,"Población de 18 años y más ","Personas de 18 a 130 años de edad. ","P_18YMAS ","0,...,999999999 9 ",9
"Población",20,"Población masculina de 18 años y más ","Hombres de 18 a 130 años de edad. ","P_18YMAS_M ","0,...,999999999 9 ",9
"Población",21,"Población femenina de 18 años y más ","Mujeres de 18 a 130 años de edad. ","P_18YMAS_F ","0,...,999999999 9 ",9
"Población",22,"Población de 3 a 5 años ","Personas de 3 a 5 años de edad. ","P_3A5 ","0,...,999999999 9 ",9
"Población",23,"Población masculina de 3 a 5 años ","Hombres de 3 a 5 años de edad. ","P_3A5_M ","0,...,999999999 9 ",9
"Población",24,"Población femenina de 3 a 5 años ","Mujeres de 3 a 5 años de edad. ","P_3A5_F ","0,...,999999999 9 ",9
"Población",25,"Población de 6 a 11 años ","Personas de 6 a 11 años de edad. ","P_6A11 ","0,...,999999999 9 ",9
"Población",26,"Población masculina de 6 a 11 años ","Hombres de 6 a 11 años de edad. ","P_6A11_M ","0,...,999999999 9 ",9
"Población",27,"Población femenina de 6 a 11 años ","Mujeres de 6 a 11 años de edad. ","P_6A11_F ","0,...,999999999 9 ",9
"Población",28,"Población de 8 a 14 años ","Personas de 8 a 14 años de edad. ","P_8A14 ","0,...,999999999 9 ",9
"Población",29,"Población masculina de 8 a 14 años ","Hombres de 8 a 14 años de edad. ","P_8A14_M ","0,...,999999999 9 ",9
"Población",30,"Población femenina de 8 a 14 años ","Mujeres de 8 a 14 años de edad. ","P_8A14_F ","0,...,999999999 9 ",9
"Población",31,"Población de 12 a 14 años ","Personas de 12 a 14 años de edad. ","P_12A14 ","0,...,999999999 9 ",9
"Población",32,"Población masculina de 12 a 14 años ","Hombres de 12 a 14 años de edad. ","P_12A14_M ","0,...,999999999 9 ",9
"Población",33,"Población femenina de 12 a 14 años ","Mujeres de 12 a 14 años de edad. ","P_12A14_F ","0,...,999999999 ",9
"Población",34,"Población de 15 a 17 años ","Personas de 15 a 17 años de edad. ","P_15A17 ","0,...,999999999 ",9
"Población",35,"Población masculina de 15 a 17 años ","Hombres de 15 a 17 años de edad. ","P_15A17_M ","0,...,999999999 ",9
"Población",36,"Población femenina de 15 a 17 años ","Mujeres de 15 a 17 años de edad. ","P_15A17_F ","0,...,999999999 ",9
"Población",37,"Población de 18 a 24 años ","Personas de 18 a 24 años de edad. ","P_18A24 ","0,...,999999999 ",9
"Población",38,"Población masculina de 18 a 24 años ","Hombres de 18 a 24 años de edad. ","P_18A24_M ","0,...,999999999 ",9
"Población",39,"Población femenina de 18 a 24 años ","Mujeres de 18 a 24 años de edad. ","P_18A24_F ","0,...,999999999 ",9
"Población",40,"Población femenina de 15 a 49 años ","Mujeres de 15 a 49 años de edad. ","P_15A49_F ","0,...,999999999 ",9
"Población",41,"Población de 60 años y más ","Personas de 60 a 130 años de edad. ","P_60YMAS ","0,...,999999999 ",9
"Población",42,"Población masculina de 60 años y más ","Hombres de 60 a 130 años de edad. ","P_60YMAS_M ","0,...,999999999 ",9
"Población",43,"Población femenina de 60 años y más ","Mujeres de 60 a 130 años de edad. ","P_60YMAS_F ","0,...,999999999 ",9
"Población",44,"Relación hombres-mujeres ","Resultado de dividir el total de hombres entre el total de mujeres y multiplicarlo por cien.","REL_H_M ","0,...,999999999 ",9
"Población",45,"Población de cero a 14 años ","Personas de cero a 14 años de edad. ","POB0_14 ","0,...,999999999 ",9
"Población",46,"Población de 15 a 64 años ","Personas de 15 a 64 años de edad. ","POB15_64 ","0,...,999999999 ",9
"Población",47,"Población de 65 años y más ","Personas de 65 a 130 años de edad. ","POB65_MAS ","0,...,999999999 ",9
"Fecundidad",48,"Promedio de hijos nacidos vivos","Resultado de dividir el total de hijos nacidos vivos de las mujeres de 12 a 130 años de edad, entre el total de mujeres del mismo grupo de edad. Excluye a las mujeres que no especificaron el número de hijos.","PROM_HNV","0,...,999999999 ",9
"Migración",49,"Población nacida en la entidad ","Personas nacidas en la misma entidad federativa. ","PNACENT ","0,...,999999999 ",9
"Migración",50,"Población masculina nacida en la entidad ","Hombres nacidos en la misma entidad federativa. ","PNACENT_M ","0,...,999999999 ",9
"Migración",51,"Población femenina nacida en la entidad ","Mujeres nacidas en la misma entidad federativa. ","PNACENT_F ","0,...,999999999 ",9
"Migración",52,"Población nacida en otra entidad ","Personas nacidas en otra entidad federativa. ","PNACOE ","0,...,999999999 ",9
"Migración",53,"Población masculina nacida en otra entidad ","Hombres nacidos en otra entidad federativa. ","PNACOE_M ","0,...,999999999 ",9
"Migración",54,"Población femenina nacida en otra entidad ","Mujeres nacidas en otra entidad federativa. ","PNACOE_F ","0,...,999999999 ",9
"Migración",55,"Población de 5 años y más residente en la entidad en junio de 2005 ","Personas de 5 a 130 años de edad que en los años 2005 y 2010 residían en la misma entidad federativa. ","PRES2005 ","0,...,999999999 ",9
"Migración",56,"Población masculina de 5 años y más residente en la entidad en junio de 2005 ","Hombres de 5 a 130 años de edad que en los años 2005 y 2010 residían en la misma entidad federativa. ","PRES2005_M ","0,...,999999999 ",9
"Migración",57,"Población femenina de 5 años y más residente en la entidad en junio de 2005 ","Mujeres de 5 a 130 años de edad que en los años 2005 y 2010 residían en la misma entidad federativa. ","PRES2005_F ","0,...,999999999 ",9
"Migración",58,"Población de 5 años y más residente en otra entidad en junio de 2005 ","Personas de 5 a 130 años de edad que en el año 2005 residían en otra entidad federativa. ","PRESOE05 ","0,...,999999999 ",9
"Migración",59,"Población masculina de 5 años y más residente en otra entidad en junio de 2005 ","Hombres de 5 a 130 años de edad que en el año 2005 residían en otra entidad federativa. ","PRESOE05_M ","0,...,999999999 ",9
"Migración",60,"Población femenina de 5 años y más residente en otra entidad en junio de 2005 ","Mujeres de 5 a 130 años de edad que en el año 2005 residían en otra entidad federativa. ","PRESOE05_F ","0,...,999999999 ",9
"Población Indígena",61,"Población de 3 años y más que habla alguna lengua indígena ","Personas de 3 a 130 años de edad que hablan alguna lengua indígena. ","P3YM_HLI ","0,...,999999999 ",9
"Población Indígena",62,"Población masculina de 3 años y más que habla alguna lengua indígena ","Hombres de 3 a 130 años de edad que hablan alguna lengua indígena. ","P3YM_HLI_M ","0,...,999999999 ",9
"Población Indígena",63,"Población femenina de 3 años y más que habla alguna lengua indígena ","Mujeres de 3 a 130 años de edad que hablan alguna lengua indígena. ","P3YM_HLI_F ","0,...,999999999 ",9
"Población Indígena",64,"Población de 3 años y más que habla alguna lengua indígena y no habla español ","Personas de 3 a 130 años de edad que hablan alguna lengua indígena y además no hablan español. ","P3HLINHE ","0,...,999999999 ",9
"Población Indígena",65,"Población masculina de 3 años y más que habla alguna lengua indígena y no habla español ","Hombres de 3 a 130 años de edad que hablan alguna lengua indígena y además no hablan español. ","P3HLINHE_M ","0,...,999999999 ",9
"Población Indígena",66,"Población femenina de 3 años y más que habla alguna lengua indígena y no habla español ","Mujeres de 3 a 130 años de edad que hablan alguna lengua indígena y además no hablan español. ","P3HLINHE_F ","0,...,999999999 ",9
"Población Indígena",67,"Población de 3 años y más que habla alguna lengua indígena y habla español ","Personas de 3 a 130 años de edad que hablan alguna lengua indígena y además hablan español. ","P3HLI_HE ","0,...,999999999 ",9
"Población Indígena",68,"Población masculina de 3 años y más que habla alguna lengua indígena y habla español ","Hombres de 3 a 130 años de edad que hablan alguna lengua indígena y además hablan español. ","P3HLI_HE_M ","0,...,999999999 ",9
"Población Indígena",69,"Población femenina de 3 años y más que habla alguna lengua indígena y habla español ","Mujeres de 3 a 130 años de edad que hablan alguna lengua indígena y además hablan español. ","P3HLI_HE_F ","0,...,999999999 ",9
"Población Indígena",70,"Población de 5 años y más que habla alguna lengua indígena ","Personas de 5 años y más que hablan alguna lengua indígena. ","P5_HLI ","0,...,999999999 ",9
"Población Indígena",71,"Población de 5 años y más que habla alguna lengua indígena y no habla español ","Personas de 5 años y más que hablan alguna lengua indígena y no hablan español. ","P5_HLI_NHE ","0,...,999999999 ",9
"Población Indígena",72,"Población de 5 años y más que habla alguna lengua indígena y habla español ","Personas de 5 años y más que hablan alguna lengua indígena y que hablan español. ","P5_HLI_HE ","0,...,999999999 ",9
"Población Indígena",73,"Población en hogares censales indígenas ","Total de personas que forman hogares censales donde el jefe del hogar o su cónyuge hablan alguna lengua indígena. ","PHOG_IND ","0,...,999999999 ",9
"Discapacidad",74,"Población con limitación en la actividad/1 ","Personas que tienen dificultad para el desempeño y/o realización de tareas en la vida cotidiana. ","PCON_LIM ","0,...,999999999 ",9
"Discapacidad",75,"Población con limitación para caminar o moverse, subir o bajar ","Personas con dificultad para caminar o moverse, subir o bajar. ","PCLIM_MOT ","0,...,999999999 ",9
"Discapacidad",76,"Población con limitación para ver, aún usando lentes ","Personas con dificultad para ver, aún cuando usen lentes. ","PCLIM_VIS ","0,...,999999999 ",9
"Discapacidad",77,"Población con limitación para hablar, comunicarse o conversar ","Personas con dificultad para comunicarse con los demás o que tienen limitaciones para la recepción y producción de mensajes para hacerse entender a través del lenguaje, signos y símbolos. ","PCLIM_LENG ","0,...,999999999 ",9
"Discapacidad",78,"Población con limitación para escuchar ","Personas con dificultad para escuchar, aún usando aparato auditivo. ","PCLIM_AUD ","0,...,999999999 ",9
"Discapacidad",79,"Población con limitación para vestirse, bañarse o comer ","Personas con dificultad para bañarse, vestirse y/o comer. ","PCLIM_MOT2 ","0,...,999999999 ",9
"Discapacidad",80,"Población con limitación para poner atención o aprender cosas sencillas ","Personas con dificultad para mantener un nivel de atención en cosas sencillas. ","PCLIM_MEN ","0,...,999999999 ",9
"Discapacidad",81,"Población con limitación mental ","Personas con dificultad o con alguna limitación mental. ","PCLIM_MEN2 ","0,...,999999999 ",9
"Discapacidad",82,"Población sin limitación en la actividad ","Personas que no tienen dificultad para el desempeño y/o realización de tareas en la vida cotidiana. ","PSIN_LIM ","0,...,999999999 ",9
"Características Educativas",83,"Población de 3 a 5 años que no asiste a la escuela ","Personas de 3 a 5 años de edad que no van a la escuela. ","P3A5_NOA ","0,...,999999999 ",9
"Características Educativas",84,"Población masculina de 3 a 5 años que no asiste a la escuela ","Hombres de 3 a 5 años de edad que no van a la escuela. ","P3A5_NOA_M ","0,...,999999999 ",9
"Características Educativas",85,"Población femenina de 3 a 5 años que no asiste a la escuela ","Mujeres de 3 a 5 años de edad que no van a la escuela. ","P3A5_NOA_F ","0,...,999999999 ",9
"Características Educativas",86,"Población de 6 a 11 años que no asiste a la escuela ","Personas de 6 a 11 años de edad que no van a la escuela. ","P6A11_NOA ","0,...,999999999 ",9
"Características Educativas",87,"Población masculina de 6 a 11 años que no asiste a la escuela ","Hombres de 6 a 11 años de edad que no van a la escuela. ","P6A11_NOAM ","0,...,999999999 ",9
"Características Educativas",88,"Población femenina de 6 a 11 años que no asiste a la escuela ","Mujeres de 6 a 11 años de edad que no van a la escuela. ","P6A11_NOAF ","0,...,999999999 ",9
"Características Educativas",89,"Población de 12 a 14 años que no asiste a la escuela ","Personas de 12 a 14 años de edad que no van a la escuela. ","P12A14NOA ","0,...,999999999 ",9
"Características Educativas",90,"Población masculina de 12 a 14 años que no asiste a la escuela ","Hombres de 12 a 14 años de edad que no van a la escuela. ","P12A14NOAM ","0,...,999999999 ",9
"Características Educativas",91,"Población femenina de 12 a 14 años que no asiste a la escuela ","Mujeres de 12 a 14 años de edad que no van a la escuela. ","P12A14NOAF ","0,...,999999999 ",9
"Características Educativas",92,"Población de 15 a 17 años que asiste a la escuela ","Personas de 15 a 17 años de edad que van a la escuela. ","P15A17A ","0,...,999999999 ",9
"Características Educativas",93,"Población masculina de 15 a 17 años que asiste a la escuela ","Hombres de 15 a 17 años de edad que van a la escuela. ","P15A17A_M ","0,...,999999999 ",9
"Características Educativas",94,"Población femenina de 15 a 17 años que asiste a la escuela ","Mujeres de 15 a 17 años de edad que van a la escuela. ","P15A17A_F ","0,...,999999999 ",9
"Características Educativas",95,"Población de 18 a 24 años que asiste a la escuela ","Personas de 18 a 24 años de edad que van a la escuela. ","P18A24A ","0,...,999999999 ",9
"Características Educativas",96,"Población masculina de 18 a 24 años que asiste a la escuela ","Hombres de 18 a 24 años de edad que van a la escuela. ","P18A24A_M ","0,...,999999999 ",9
"Características Educativas",97,"Población femenina de 18 a 24 años que asiste a la escuela ","Mujeres de 18 a 24 años de edad que van a la escuela. ","P18A24A_F ","0,...,999999999 ",9
"Características Educativas",98,"Población de 8 a 14 años que no saben leer y escribir ","Personas de 8 a 14 años de edad que no saben leer y escribir. ","P8A14AN ","0,...,999999999 ",9
"Características Educativas",99,"Población masculina de 8 a 14 años que no saben leer y escribir ","Hombres de 8 a 14 años de edad que no saben leer y escribir. ","P8A14AN_M ","0,...,999999999 ",9
"Características Educativas",100,"Población femenina de 8 a 14 años que no saben leer y escribir ","Mujeres de 8 a 14 años de edad que no saben leer y escribir. ","P8A14AN_F ","0,...,999999999 ",9
"Características Educativas",101,"Población de 15 años y más analfabeta ","Personas de 15 a 130 años de edad que no saben leer ni escribir. ","P15YM_AN ","0,...,999999999 ",9
"Características Educativas",102,"Población masculina de 15 años y más analfabeta ","Hombres de 15 a 130 años de edad que no saben leer ni escribir. ","P15YM_AN_M ","0,...,999999999 ",9
"Características Educativas",103,"Población femenina de 15 años y más analfabeta ","Mujeres de 15 a 130 años de edad que no saben leer ni escribir. ","P15YM_AN_F ","0,...,999999999 ",9
"Características Educativas",104,"Población de 15 años y más sin escolaridad ","Personas de 15 a 130 años de edad que no aprobaron ningún grado de escolaridad o que solo tienen nivel preescolar ","P15YM_SE ","0,...,999999999 ",9
"Características Educativas",105,"Población masculina de 15 años y más sin escolaridad ","Hombres de 15 a 130 años de edad que no aprobaron ningún grado de escolaridad o que solo tienen nivel preescolar ","P15YM_SE_M ","0,...,999999999 ",9
"Características Educativas",106,"Población femenina de 15 años y más sin escolaridad ","Mujeres de 15 a 130 años de edad que no aprobaron ningún grado de escolaridad o que solo tienen nivel preescolar ","P15YM_SE_F ","0,...,999999999 ",9
"Características Educativas",107,"Población de 15 años y más con primaria incompleta ","Personas de 15 a 130 años de edad que tienen como máxima escolaridad hasta el quinto grado aprobado en primaria. Incluye a las personas que no especificaron los grados aprobados en el nivel señalado. ","P15PRI_IN ","0,...,999999999 ",9
"Características Educativas",108,"Población masculina de 15 años y más con primaria incompleta ","Hombres de 15 a 130 años de edad que tienen como máxima escolaridad hasta el quinto grado aprobado en primaria. Incluye a los hombres que no especificaron los grados aprobados en el nivel señalado. ","P15PRI_INM ","0,...,999999999 ",9
"Características Educativas",109,"Población femenina de 15 años y más con primaria incompleta ","Mujeres de 15 a 130 años de edad que tienen como máxima escolaridad hasta el quinto grado aprobado en primaria. Incluye a las mujeres que no especificaron los grados aprobados en el nivel señalado. ","P15PRI_INF ","0,...,999999999 ",9
"Características Educativas",110,"Población de 15 años y más con primaria completa ","Personas de 15 a 130 años de edad que tienen como máxima escolaridad 6 grados aprobados en primaria. ","P15PRI_CO ","0,...,999999999 ",9
"Características Educativas",111,"Población masculina de 15 años y más con primaria completa ","Hombres de 15 a 130 años de edad que tienen como máxima escolaridad 6 grados aprobados en primaria. ","P15PRI_COM ","0,...,999999999 ",9
"Características Educativas",112,"Población femenina de 15 años y más con primaria completa ","Mujeres de 15 a 130 años de edad que tienen como máxima escolaridad 6 grados aprobados en primaria. ","P15PRI_COF ","0,...,999999999 ",9
"Características Educativas",113,"Población de 15 años y más con secundaria incompleta ","Personas de 15 a 130 años de edad que tienen como máxima escolaridad hasta segundo grado aprobado de secundaria. Incluye a las personas que no especificaron los grados aprobados en el nivel señalado. ","P15SEC_IN ","0,...,999999999 ",9
"Características Educativas",114,"Población masculina de 15 años y más con secundaria incompleta ","Hombres de 15 a 130 años de edad que tienen como máxima escolaridad hasta segundo grado aprobado de secundaria. Incluye a los hombres que no especificaron los grados aprobados en el nivel señalado. ","P15SEC_INM ","0,...,999999999 ",9
"Características Educativas",115,"Población femenina de 15 años y más con secundaria incompleta ","Mujeres de 15 a 130 años de edad que tienen como máxima escolaridad hasta segundo grado aprobado de secundaria. Incluye a las mujeres que no especificaron los grados aprobados en el nivel señalado. ","P15SEC_INF ","0,...,999999999 ",9
"Características Educativas",116,"Población de 15 años y más con secundaria completa ","Personas de 15 a 130 años de edad que tienen como máxima escolaridad 3 grados aprobados en secundaria. ","P15SEC_CO ","0,...,999999999 ",9
"Características Educativas",117,"Población masculina de 15 años y más con secundaria completa ","Hombres de 15 a 130 años de edad que tienen como máxima escolaridad 3 grados aprobados en secundaria. ","P15SEC_COM ","0,...,999999999 ",9
"Características Educativas",118,"Población femenina de 15 años y más con secundaria completa ","Mujeres de 15 a 130 años de edad que tienen como máxima escolaridad 3 grados aprobados en secundaria. ","P15SEC_COF ","0,...,999999999 ",9
"Características Educativas",119,"Población de 18 años y más con educación pos-básica ","Personas de 18 a 130 años de edad que tienen como máxima escolaridad algún grado aprobado en: preparatoria ó bachillerato; normal básica, estudios técnicos o comerciales con secundaria terminada; estudios técnicos o comerciales con preparatoria terminada; normal de licenciatura; licenciatura o profesional; maestría o doctorado. Incluye a las personas que no especificaron los grados aprobados en los niveles señalados. ","P18YM_PB ","0,...,999999999 ",9
"Características Educativas",120,"Población masculina de 18 años y más con educación pos- básica ","Hombres de 18 a 130 años de edad que tienen como máxima escolaridad algún grado aprobado en: preparatoria ó bachillerato; normal básica, estudios técnicos o comerciales con secundaria terminada; estudios técnicos o comerciales con preparatoria terminada; normal de licenciatura; licenciatura o profesional; maestría o doctorado. Incluye a las personas que no especificaron los grados aprobados en los niveles señalados. ","P18YM_PB_M ","0,...,999999999 ",9
"Características Educativas",121,"Población femenina de 18 años y más con educación pos- básica ","Mujeres de 18 a 130 años de edad que tienen como máxima escolaridad algún grado aprobado en: preparatoria ó bachillerato; normal básica, estudios técnicos o comerciales con secundaria terminada; estudios técnicos o comerciales con preparatoria terminada; normal de licenciatura; licenciatura o profesional; maestría o doctorado. Incluye a las personas que no especificaron los grados aprobados en los niveles señalados. ","P18YM_PB_F ","0,...,999999999 ",9
"Características Educativas",122,"Grado promedio de escolaridad ","Resultado de dividir el monto de grados escolares aprobados por las personas de 15 a 130 años de edad entre las personas del mismo grupo de edad. Excluye a las personas que no especificaron los grados aprobados. ","GRAPROES ","0,...,999999999 ",9
"Características Educativas",123,"Grado promedio de escolaridad de la población masculina ","Resultado de dividir el monto de grados escolares aprobados por los hombres de 15 a 130 años de edad entre los hombres del mismo grupo de edad. Excluye a los hombres que no especificaron los grados aprobados. ","GRAPROES_M ","0,...,999999999 ",9
"Características Educativas",124,"Grado promedio de escolaridad de la población femenina ","Resultado de dividir el monto de grados escolares aprobados por las mujeres de 15 a 130 años de edad entre las mujeres del mismo grupo de edad. Excluye a las mujeres que no especificaron los grados aprobados. ","GRAPROES_F ","0,...,999999999 ",9
"Características Económicas",125,"Población económicamente activa ","Personas de 12 años y más que trabajaron; tenían trabajo pero no trabajaron o; buscaron trabajo en la semana de referencia. ","PEA ","0,...,999999999 ",9
"Características Económicas",126,"Población masculina económicamente activa ","Hombres de 12 años y más que trabajaron; tenían trabajo pero no trabajaron o; buscaron trabajo en la semana de referencia. ","PEA_M ","0,...,999999999 ",9
"Características Económicas",127,"Población femenina económicamente activa ","Mujeres de 12 años y más que trabajaron; tenían trabajo pero no trabajaron o; buscaron trabajo en la semana de referencia. ","PEA_F ","0,...,999999999 ",9
"Características Económicas",128,"Población no económicamente activa ","Personas de 12 años y más pensionadas o jubiladas, estudiantes, dedicadas a los quehaceres del hogar, que tienen alguna limitación física o mental permanente que le impide trabajar. ","PE_INAC ","0,...,999999999 ",9
"Características Económicas",129,"Población masculina no económicamente activa ","Hombres de 12 años y más pensionados o jubilados, estudiantes, dedicados a los quehaceres del hogar, que tienen alguna limitación física o mental permanente que le impide trabajar. ","PE_INAC_M ","0,...,999999999 ",9
"Características Económicas",130,"Población femenina no económicamente activa ","Mujeres de 12 años y más pensionadas o jubiladas, estudiantes, dedicadas a los quehaceres del hogar, que tienen alguna limitación física o mental permanente que le impide trabajar. ","PE_INAC_F ","0,...,999999999 ",9
"Características Económicas",131,"Población ocupada ","Personas de 12 a 130 años de edad que trabajaron o que no trabajaron pero sí tenían trabajo en la semana de referencia. ","POCUPADA ","0,...,999999999 ",9
"Características Económicas",132,"Población masculina ocupada ","Hombres de 12 a 130 años de edad que trabajaron o que no trabajaron pero sí tenían trabajo en la semana de referencia. ","POCUPADA_M ","0,...,999999999 ",9
"Características Económicas",133,"Población femenina ocupada ","Mujeres de 12 a 130 años de edad que trabajaron o que no trabajaron pero sí tenían trabajo en la semana de referencia. ","POCUPADA_F ","0,...,999999999 ",9
"Características Económicas",134,"Población desocupada ","Personas de 12 a 130 años de edad que no tenían trabajo, pero buscaron trabajo en la semana de referencia. ","PDESOCUP ","0,...,999999999 ",9
"Características Económicas",135,"Población masculina desocupada ","Hombres de 12 a 130 años de edad que no tenían trabajo, pero buscaron trabajo en la semana de referencia. ","PDESOCUP_M ","0,...,999999999 ",9
"Características Económicas",136,"Población femenina desocupada ","Mujeres de 12 a 130 años de edad que no tenían trabajo, pero buscaron trabajo en la semana de referencia. ","PDESOCUP_F ","0,...,999999999 ",9
"Servicios de Salud",137,"Población sin derechohabiencia a servicios de salud ","Total de personas que no tienen derecho a recibir servicios médicos en ninguna institución pública o privada. ","PSINDER ","0,...,999999999 ",9
"Servicios de Salud",138,"Población derechohabiente a servicios de salud/2 ","Total de personas que tienen derecho a recibir servicios médicos en alguna institución de salud pública o privada como: el Instituto Mexicano del Seguro Social (IMSS), el Instituto de Seguridad y Servicios Sociales de los Trabajadores del Estado (ISSSTE e ISSSTE estatal), Petróleos Mexicanos (PEMEX), la Secretaría de la Defensa Nacional (SEDENA) o la Secretaría de Marina Armada de México (SEMAR), el Seguro Popular o para una Nueva Generación (Incluye al Sistema de Protección Social en Salud que coordina la Secretaría de Salud) o en otra. ","PDER_SS ","0,...,999999999 ",9
"Servicios de Salud",139,"Población derechohabiente del IMSS ","Total de personas que tienen derecho a recibir servicios médicos en el Instituto Mexicano del Seguro Social (IMSS). ","PDER_IMSS ","0,...,999999999 ",9
"Servicios de Salud",140,"Población derechohabiente del ISSSTE ","Total de personas que tienen derecho a recibir servicios médicos en el Instituto de Seguridad y Servicios Sociales de los Trabajadores del Estado. ","PDER_ISTE ","0,...,999999999 ",9
"Servicios de Salud",141,"Población derechohabiente del ISSSTE estatal ","Total de personas que tienen derecho a recibir servicios médicos en los institutos de seguridad social de los estados (ISSSET, ISSSEMyM, ISSSTEZAC, ISSSPEA o ISSSTESON). ","PDER_ISTEE ","0,...,999999999 ",9
"Servicios de Salud",142,"Población derechohabiente del seguro popular o Seguro Médico para una Nueva Generación ","Total de personas que tienen derecho a recibir servicios médicos en la Secretaría de Salud, mediante el Sistema de Protección Social en Salud (Seguro Popular). ","PDER_SEGP ","0,...,999999999 ",9
"Situación Conyugal",143,"Población soltera o nunca unida de12añosymás ","Personas solteras de 12 a 130 años de edad. ","P12YM_SOLT ","0,...,999999999 ",9
"Situación Conyugal",144,"Población casada o unida de 12 años y más ","Personas de 12 a 130 años de edad que viven con su pareja en unión libre; casadas solo por el civil; casadas solo religiosamente o; casadas por el civil y religiosamente. ","P12YM_CASA ","0,...,999999999 ",9
"Situación Conyugal",145,"Población que estuvo casada o unida de 12 años y más ","Personas de 12 a 130 años de edad que están separadas, divorciadas o viudas. ","P12YM_SEPA ","0,...,999999999 ",9
"Religión",146,"Población con religión católica ","Personas con religión católica. ","PCATOLICA ","0,...,999999999 ",9
"Religión",147,"Protestantes, Evangélicas y Bíblicas diferentes de evangélicas ","Personas con religiones Protestantes Históricas, Pentecostales,Evangélicas y Bíblicas diferentes de las Evangélicas.  Neopentecostales, Iglesia del Dios Vivo, Columna y Apoyo de la Verdad, la Luz del Mundo, Cristianas, ","PNCATOLICA ","0,...,999999999 ",9
"Religión",148,"Población con otras religiones diferentes a las anteriores ","Personas con religiones de Origen oriental, Judaico, Islámico, New Age, Escuelas esotéricas, Raíces étnicas, Espiritualistas, Ortodoxos, Otros movimientos religiosos y Cultos populares. ","POTRAS_REL ","0,...,999999999 ",9
"Religión",149,"Población sin religión ","Personas sin adscripción religiosa. Incluye ateísmo. ","PSIN_RELIG ","0,...,999999999 ",9
"Hogares Censales",150,"Total de hogares censales ","Hogares en viviendas particulares habitadas. Se considera un hogar en cada vivienda particular. Incluye casa independiente; departamento en edificio; vivienda en vecindad; vivienda en cuarto de azotea; local no construido para habitación; vivienda móvil; refugio o clase no especificada. ","TOTHOG ","0,...,99999999 ",8
"Hogares Censales",151,"Hogares censales con jefatura masculina ","Hogares en viviendas particulares habitadas donde el jefe es hombre. Se considera un hogar en cada vivienda particular. Incluye casa independiente; departamento en edificio; vivienda en vecindad; vivienda en cuarto de azotea; local no construido para habitación; vivienda móvil; refugio o clase no especificada. ","HOGJEF_M ","0,...,99999999 ",8
"Hogares Censales",152,"Hogares censales con jefatura femenina ","Hogares en viviendas particulares habitadas donde el jefe es mujer. Se considera un hogar en cada vivienda particular. Incluye casa independiente; departamento en edificio; vivienda en vecindad; vivienda en cuarto de azotea; local no construido para habitación; vivienda móvil; refugio o clase no especificada. ","HOGJEF_F ","0,...,99999999 ",8
"Hogares Censales",153,"Población en hogares censales ","Personas en hogares censales. Se considera un hogar en cada vivienda particular. Incluye casa independiente; departamento en edificio; vivienda en vecindad; vivienda en cuarto de azotea; local no construido para habitación; vivienda móvil; refugio o clase no especificada. ","POBHOG ","0,...,99999999 ",9
"Hogares Censales",154,"Población en hogares censales con jefatura masculina ","Personas en hogares censales donde el jefe es hombre. Se considera un hogar en cada vivienda particular. Incluye casa independiente; departamento en edificio; vivienda en vecindad; vivienda en cuarto de azotea; local no construido para habitación; vivienda móvil; refugio o clase no especificada. ","PHOGJEF_M ","0,...,99999999 ",8
"Hogares Censales",155,"Población en hogares censales con jefatura femenina ","Personas en hogares censales donde el jefe es mujer. Se considera un hogar en cada vivienda particular. Incluye casa independiente; departamento en edificio; vivienda en vecindad; vivienda en cuarto de azotea; local no construido para habitación; vivienda móvil; refugio o clase no especificada. ","PHOGJEF_F ","0,...,99999999 ",8
"Viviendas",156,"Total de viviendas ","Viviendas particulares habitadas, deshabitadas, de uso temporal y colectivas. Incluye a las viviendas particulares sin información de sus ocupantes. ","VIVTOT ","0,...,99999999 ",8
"Viviendas",157,"Total de viviendas habitadas ","Viviendas particulares y colectivas habitadas. Incluye a las viviendas particulares sin información de sus ocupantes. ","TVIVHAB ","0,...,99999999 ",8
"Viviendas",158,"Total de viviendas particulares ","Viviendas particulares habitadas, deshabitadas y de uso temporal.Excluye a las viviendas particulares sin información de ocupantes. ","TVIVPAR ","0,...,99999999 ",8
"Viviendas",159,"Viviendas particulares habitadas ","Viviendas particulares habitadas de cualquier clase: casa independiente, departamento en edificio, vivienda o cuarto en vecindad, vivienda o cuarto de azotea, local no construido para habitación, vivienda móvil, refugios o clase no especificada. Excluye a las viviendas particulares sin información de ocupantes. ","VIVPAR_HAB ","0,...,99999999 ",8
"Viviendas",160,"Total de viviendas particulares habitadas ","Viviendas particulares habitadas de cualquier clase: casa independiente, departamento en edificio, vivienda o cuarto en vecindad, vivienda o cuarto de azotea, local no construido para habitación, vivienda móvil, refugios o clase no especificada. Incluye a las viviendas particulares sin información de ocupantes. ","TVIVPARHAB ","0,...,99999999 ",8
"Viviendas",161,"Viviendas particulares deshabitadas ","Viviendas particulares deshabitadas. ","VIVPAR_DES ","0,...,99999999 ",8
"Viviendas",162,"Viviendas particulares de uso temporal ","Viviendas particulares de uso temporal. ","VIVPAR_UT ","0,...,99999999 ",8
"Viviendas",163,"Ocupantes en viviendas particulares habitadas ","Personas que residen en viviendas particulares habitadas de cualquier clase: casa independiente, departamento en edificio, vivienda o cuarto en vecindad, vivienda o cuarto de azotea, local no construido para habitación, vivienda móvil, refugios o clase no especificada. Excluye la estimación del número de personas en viviendas particulares sin información de ocupantes. ","OCUPVIVPAR ","0,...,99999999 ",9
"Viviendas",164,"Promedio de ocupantes en viviendas particulares habitadas ","Resultado de dividir el número de personas que residen en viviendas particulares habitadas, entre el número de esas viviendas. Excluye la estimación del número de personas y de viviendas particulares sin información de ocupantes. ","PROM_OCUP ","0,...,99999999 ",8
"Viviendas",165,"Promedio de ocupantes por cuarto en viviendas particulares habitadas ","Resultado de dividir el número de personas que residen en viviendas particulares habitadas entre el número de cuartos de esas viviendas. Comprende las viviendas particulares para las que se captaron las características de la vivienda, clasificadas como casa independiente, departamento en edificio, vivienda o cuarto en vecindad y vivienda o cuarto en azotea y a las que no especificaron clase de vivienda. ","PRO_OCUP_C ","0,...,99999999 ",8
"Viviendas",166,"Viviendas particulares habitadas con piso de material diferente de tierra ","Viviendas particulares habitadas con piso de cemento o firme, madera, mosaico u otro material. Comprende las viviendas particulares para las que se captaron las características de la vivienda, clasificadas como casa independiente, departamento en edificio, vivienda o cuarto en vecindad y vivienda o cuarto en azotea y a las que no especificaron clase de vivienda. ","VPH_PISODT ","0,...,99999999 ",8
"Viviendas",167,"Viviendas particulares habitadas con piso de tierra ","Viviendas particulares habitadas con piso de tierra.Comprende las viviendas particulares para las que se captaron las características de la vivienda, clasificadas como casa independiente, departamento en edificio, vivienda o cuarto en vecindad y vivienda o cuarto en azotea y a las que no especificaron clase de vivienda. ","VPH_PISOTI ","0,...,99999999 ",8
"Viviendas",168,"Viviendas particulares habitadas con un dormitorio ","Viviendas particulares habitadas donde sólo uno de los cuartos se usa para dormir. Comprende las viviendas particulares para las que se captaron las características de la vivienda, clasificadas como casa independiente, departamento en edificio, vivienda o cuarto en vecindad y vivienda o cuarto en azotea y a las que no especificaron clase de vivienda. ","VPH_1DOR ","0,...,99999999 ",8
"Viviendas",169,"Viviendas particulares habitadas con dos dormitorios y más ","Viviendas particulares habitadas que usan para dormir entre 2 y 25 cuartos.Comprende las viviendas particulares para las que se captaron las características de la vivienda, clasificadas como casa independiente, departamento en edificio, vivienda o cuarto en vecindad y vivienda o cuarto en azotea y a las que no especificaron clase de vivienda. ","VPH_2YMASD ","0,...,99999999 ",8
"Viviendas",170,"Viviendas particulares habitadas con un solo cuarto ","Viviendas particulares habitadas que tienen un solo cuarto. Comprende las viviendas particulares para las que se captaron las características de la vivienda, clasificadas como casa independiente, departamento en edificio, vivienda o cuarto en vecindad y vivienda o cuarto en azotea y a las que no especificaron clase de vivienda. Excluye la estimación del número de personas y de viviendas particulares sin información de ocupantes. ","VPH_1CUART ","0,...,99999999 ",8
"Viviendas",171,"Viviendas particulares habitadas con dos cuartos ","Viviendas particulares habitadas que tienen dos cuartos. Comprende las viviendas particulares para las que se captaron las características de la vivienda, clasificadas como casa independiente, departamento en edificio, vivienda o cuarto en vecindad y vivienda o cuarto en azotea y a las que no especificaron clase de vivienda. Excluye la estimación del número de personas y de viviendas particulares sin información de ocupantes. ","VPH_2CUART ","0,...,99999999 ",8
"Viviendas",172,"Viviendas particulares habitadas con 3 cuartos y más ","Viviendas particulares habitadas que tienen entre 3 y 25 cuartos. Comprende las viviendas particulares para las que se captaron las características de la vivienda, clasificadas como casa independiente, departamento en edificio, vivienda o cuarto en vecindad y vivienda o cuarto en azotea y a las que no especificaron clase de vivienda. ","VPH_3YMASC ","0,...,99999999 ",8
"Viviendas",173,"Viviendas particulares habitadas que disponen de luz eléctrica ","Viviendas particulares habitadas que tienen luz eléctrica. Comprende las viviendas particulares para las que se captaron las características de la vivienda, clasificadas como casa independiente, departamento en edificio, vivienda o cuarto en vecindad y vivienda o cuarto en azotea y a las que no especificaron clase de vivienda. ","VPH_C_ELEC ","0,...,99999999 ",8
"Viviendas",174,"Viviendas particulares habitadas que no disponen de luz eléctrica ","Viviendas particulares habitadas que no tienen luz eléctrica. Comprende las viviendas particulares para las que se captaron las características de la vivienda, clasificadas como casa independiente, departamento en edificio, vivienda o cuarto en vecindad y vivienda o cuarto en azotea y a las que no especificaron clase de vivienda. ","VPH_S_ELEC ","0,...,99999999 ",8
"Viviendas",175,"Viviendas particulares habitadas que disponen de agua entubada en el ámbito de la vivienda ","Viviendas particulares habitadas que tienen disponibilidad de agua entubada dentro de la vivienda, o fuera de la vivienda pero dentro del terreno. Comprende las viviendas particulares para las que se captaron las características de la vivienda, clasificadas como casa independiente, departamento en edificio, vivienda o cuarto en vecindad y vivienda o cuarto en azotea y a las que no especificaron clase de vivienda. ","VPH_AGUADV ","0,...,99999999 ",8
"Viviendas",176,"Viviendas particulares habitadas que no disponen de agua entubada en el ámbito de la vivienda ","Viviendas particulares habitadas que tienen disponibilidad de agua de una llave pública o hidrante, de otra vivienda, de pipa, de pozo, río, arroyo, lago u otro. Comprende las viviendas particulares para las que se captaron las características de la vivienda, clasificadas como casa independiente, departamento en edificio, vivienda o cuarto en vecindad y vivienda o cuarto en azotea y a las que no especificaron clase de vivienda. ","VPH_AGUAFV ","0,...,99999999 ",8
"Viviendas",177,"Viviendas particulares habitadas que disponen de excusado o sanitario ","Viviendas particulares habitadas que tienen excusado, retrete, sanitario, letrina u hoyo negro. Excluye la estimación del número de personas y de viviendas particulares sin información de ocupantes. ","VPH_EXCSA ","0,...,99999999 ",8
"Viviendas",178,"Viviendas particulares habitadas que disponen de drenaje ","Viviendas particulares habitadas que tienen drenaje conectado a la red pública, fosa séptica, barranca, grieta, río, lago o mar. Comprende las viviendas particulares para las que se captaron las características de la vivienda, clasificadas como casa independiente, departamento en edificio, vivienda o cuarto en vecindad y vivienda o cuarto en azotea y a las que no especificaron clase de vivienda. ","VPH_DRENAJ ","0,...,99999999 ",8
"Viviendas",179,"Viviendas particulares habitadas que no disponen de drenaje ","Viviendas particulares habitadas que no tienen drenaje. Comprende las viviendas particulares para las que se captaron las características de la vivienda, clasificadas como casa independiente, departamento en edificio, vivienda o cuarto en vecindad y vivienda o cuarto en azotea y a las que no especificaron clase de vivienda. ","VPH_NODREN ","0,...,99999999 ",8
"Viviendas",180,"Viviendas particulares habitadas que disponen de luz eléctrica, agua entubada de la red pública y drenaje ","Viviendas particulares habitadas que tienen luz eléctrica, agua entubada dentro o fuera de la vivienda, pero dentro del terreno, así como drenaje. Comprende las viviendas particulares para las que se captaron las características de la vivienda, clasificadas como casa independiente, departamento en edificio, vivienda o cuarto en vecindad y vivienda o cuarto en azotea y a las que no especificaron clase de vivienda. ","VPH_C_SERV ","0,...,99999999 ",8
"Viviendas",181,"Viviendas particulares habitadas sin ningún bien ","Viviendas particulares habitadas que no disponen de radio, televisión, refrigerador, lavadora, automóvil, computadora, teléfono fijo, celular ni internet. Comprende las viviendas particulares para las que se captaron las características de la vivienda, clasificadas como casa independiente, departamento en edificio, vivienda o cuarto en vecindad y vivienda o cuarto en azotea y a las que no especificaron clase de vivienda. ","VPH_SNBIEN ","0,...,99999999 ",8
"Viviendas",182,"Viviendas particulares habitadas que disponen de radio ","Viviendas particulares habitadas que tienen radio. Comprende las viviendas particulares para las que se captaron las características de la vivienda, clasificadas como casa independiente, departamento en edificio, vivienda o cuarto en vecindad y vivienda o cuarto en azotea y a las que no especificaron clase de vivienda. ","VPH_RADIO ","0,...,99999999 ",8
"Viviendas",183,"Viviendas particulares habitadas que disponen de televisor ","Viviendas particulares habitadas que tienen televisor. Comprende las viviendas particulares para las que se captaron las características de la vivienda, clasificadas como casa independiente, departamento en edificio, vivienda o cuarto en vecindad y vivienda o cuarto en azotea y a las que no especificaron clase de vivienda. ","VPH_TV ","0,...,99999999 ",8
"Viviendas",184,"Viviendas particulares habitadas que disponen de refrigerador ","Viviendas particulares habitadas que tienen refrigerador. Comprende las viviendas particulares para las que se captaron las características de la vivienda, clasificadas como casa independiente, departamento en edificio, vivienda o cuarto en vecindad y vivienda o cuarto en azotea y a las que no especificaron clase de vivienda. ","VPH_REFRI ","0,...,99999999 ",8
"Viviendas",185,"Viviendas particulares habitadas que disponen de lavadora ","Viviendas particulares habitadas que tienen lavadora.Comprende las viviendas particulares para las que se captaron las características de la vivienda, clasificadas como casa independiente, departamento en edificio, vivienda o cuarto en vecindad y vivienda o cuarto en azotea y a las que no especificaron clase de vivienda. ","VPH_LAVAD ","0,...,99999999 ",8
"Viviendas",186,"Viviendas particulares habitadas que disponen de automóvil o camioneta ","Viviendas particulares habitadas que tienen automóvil o camioneta. Comprende las viviendas particulares para las que se captaron las características de la vivienda, clasificadas como casa independiente, departamento en edificio, vivienda o cuarto en vecindad y vivienda o cuarto en azotea y a las que no especificaron clase de vivienda. ","VPH_AUTOM ","0,...,99999999 ",8
"Viviendas",187,"Viviendas particulares habitadas que disponen de computadora ","Viviendas particulares habitadas que tienen computadora. Comprende las viviendas particulares para las que se captaron las características de la vivienda, clasificadas como casa independiente, departamento en edificio, vivienda o cuarto en vecindad y vivienda o cuarto en azotea y a las que no especificaron clase de vivienda. ","VPH_PC ","0,...,99999999 ",8
"Viviendas",188,"Viviendas particulares habitadas que disponen de línea telefónica fija ","Viviendas particulares habitadas que tienen línea telefónica fija. Comprende las viviendas particulares para las que se captaron las características de la vivienda, clasificadas como casa independiente, departamento en edificio, vivienda o cuarto en vecindad y vivienda o cuarto en azotea y a las que no especificaron clase de vivienda. ","VPH_TELEF ","0,...,99999999 ",8
"Viviendas",189,"Viviendas particulares habitadas que disponen de teléfono celular ","Viviendas particulares habitadas que tienen teléfono celular. Comprende las viviendas particulares para las que se captaron las características de la vivienda, clasificadas como casa independiente, departamento en edificio, vivienda o cuarto en vecindad y vivienda o cuarto en azotea y a las que no especificaron clase de vivienda. ","VPH_CEL ","0,...,99999999 ",8
"Viviendas",190,"Viviendas particulares habitadas que disponen de internet ","Viviendas particulares habitadas que tienen servicio de internet. Comprende las viviendas particulares para las que se captaron las características de la vivienda, clasificadas como casa independiente, departamento en edificio, vivienda o cuarto en vecindad y vivienda o cuarto en azotea y a las que no especificaron clase de vivienda. ","VPH_INTER ","0,...,99999999 ",8
